<?xml version="1.0" standalone="yes"?>
<NewDataSet>
  <DT_VSL_DrillTrainings>
    <VesselCode>LIG</VesselCode>
    <DTId>3</DTId>
    <RecordType>T</RecordType>
    <PlanDate>2015-05-20T00:00:00+05:30</PlanDate>
    <Updated>true</Updated>
    <UpdatedOn>2015-05-05T13:16:00+05:30</UpdatedOn>
  </DT_VSL_DrillTrainings>
  <DT_VSL_DrillTrainings>
    <VesselCode>LIG</VesselCode>
    <DTId>4</DTId>
    <RecordType>D</RecordType>
    <Updated>true</Updated>
    <UpdatedOn>2015-05-05T13:16:00+05:30</UpdatedOn>
  </DT_VSL_DrillTrainings>
  <DT_VSL_DrillTrainings>
    <VesselCode>LIG</VesselCode>
    <DTId>4</DTId>
    <RecordType>T</RecordType>
    <Updated>true</Updated>
    <UpdatedOn>2015-05-05T13:16:00+05:30</UpdatedOn>
  </DT_VSL_DrillTrainings>
  <DT_VSL_DrillTrainings>
    <VesselCode>LIG</VesselCode>
    <DTId>5</DTId>
    <RecordType>D</RecordType>
    <Updated>true</Updated>
    <UpdatedOn>2015-05-05T13:16:00+05:30</UpdatedOn>
  </DT_VSL_DrillTrainings>
  <DT_VSL_DrillTrainingsHistory>
    <VesselCode>LIG</VesselCode>
    <DTId>3</DTId>
    <DTRecordType>T</DTRecordType>
    <DoneId>11</DoneId>
    <DoneDate>2015-05-01T00:00:00+05:30</DoneDate>
    <RecordType>R</RecordType>
    <MasterName>pankaj kumar</MasterName>
    <FromHrs>1</FromHrs>
    <FromMin>1</FromMin>
    <ToHrs>2</ToHrs>
    <ToMin>1</ToMin>
    <Lattitude1>1</Lattitude1>
    <Lattitude2>2</Lattitude2>
    <Lattitude3>S</Lattitude3>
    <Longitude1>2</Longitude1>
    <Longitude2>2</Longitude2>
    <Longitude3>W</Longitude3>
    <PortName>mumbai</PortName>
    <LastDueDate>2015-10-04T00:00:00+05:30</LastDueDate>
    <NextDueDate>2015-10-01T00:00:00+05:30</NextDueDate>
    <DoneBy>pankaj kumar verma</DoneBy>
    <OfficeRemarks />
    <UpdatedBy>1</UpdatedBy>
    <UpdatedOn>2015-05-04T10:50:00+05:30</UpdatedOn>
  </DT_VSL_DrillTrainingsHistory>
</NewDataSet>