<?xml version="1.0" standalone="yes"?>
<NewDataSet>
  <DT_VSL_DrillTrainings>
    <VesselCode>LIG</VesselCode>
    <DTId>3</DTId>
    <RecordType>T</RecordType>
    <PlanDate>2015-05-20T00:00:00+05:30</PlanDate>
    <Updated>true</Updated>
    <UpdatedOn>2015-05-05T13:16:00+05:30</UpdatedOn>
  </DT_VSL_DrillTrainings>
  <DT_VSL_DrillTrainings>
    <VesselCode>LIG</VesselCode>
    <DTId>4</DTId>
    <RecordType>D</RecordType>
    <Updated>true</Updated>
    <UpdatedOn>2015-05-05T13:16:00+05:30</UpdatedOn>
  </DT_VSL_DrillTrainings>
  <DT_VSL_DrillTrainings>
    <VesselCode>LIG</VesselCode>
    <DTId>4</DTId>
    <RecordType>T</RecordType>
    <Updated>true</Updated>
    <UpdatedOn>2015-05-05T13:16:00+05:30</UpdatedOn>
  </DT_VSL_DrillTrainings>
  <DT_VSL_DrillTrainings>
    <VesselCode>LIG</VesselCode>
    <DTId>5</DTId>
    <RecordType>D</RecordType>
    <Updated>true</Updated>
    <UpdatedOn>2015-05-05T13:16:00+05:30</UpdatedOn>
  </DT_VSL_DrillTrainings>
  <DT_VSL_DrillTrainingsHistory>
    <VesselCode>LIG</VesselCode>
    <DTId>3</DTId>
    <DTRecordType>T</DTRecordType>
    <DoneId>7</DoneId>
    <DoneDate>2015-04-29T00:00:00+05:30</DoneDate>
    <RecordType>R</RecordType>
    <LastDueDate>2015-04-23T00:00:00+05:30</LastDueDate>
    <NextDueDate>2015-09-29T00:00:00+05:30</NextDueDate>
    <DoneBy>pankaj verma</DoneBy>
    <OfficeRemarks>adsadadasdsadasdasdasdasd</OfficeRemarks>
    <UpdatedBy>1</UpdatedBy>
    <UpdatedOn>2015-04-29T10:27:00+05:30</UpdatedOn>
  </DT_VSL_DrillTrainingsHistory>
</NewDataSet>