<?xml version="1.0" standalone="yes"?>
<NewDataSet>
  <MP_VSL_InventoryMaster>
    <InventoryId>1</InventoryId>
    <VesselCode>LIG</VesselCode>
    <InventoryDate>2015-01-01T00:00:00+05:30</InventoryDate>
    <UpdatedBy>demo</UpdatedBy>
    <UpdatedOn>2015-08-04T13:02:00+05:30</UpdatedOn>
    <Updated>true</Updated>
  </MP_VSL_InventoryMaster>
  <MP_VSL_InventoryDetails>
    <VesselCode>LIG</VesselCode>
    <InventoryId>1</InventoryId>
    <ProductId>4</ProductId>
    <Quantity>0</Quantity>
    <Spoilage>0</Spoilage>
    <Consumption>1270</Consumption>
  </MP_VSL_InventoryDetails>
  <MP_VSL_InventoryDetails>
    <VesselCode>LIG</VesselCode>
    <InventoryId>1</InventoryId>
    <ProductId>5</ProductId>
    <Quantity>42</Quantity>
    <Spoilage>10</Spoilage>
    <Consumption>20</Consumption>
  </MP_VSL_InventoryDetails>
  <MP_VSL_InventoryDetails>
    <VesselCode>LIG</VesselCode>
    <InventoryId>1</InventoryId>
    <ProductId>6</ProductId>
    <Quantity>0</Quantity>
    <Spoilage>0</Spoilage>
    <Consumption>1520</Consumption>
  </MP_VSL_InventoryDetails>
  <MP_VSL_InventoryDetails>
    <VesselCode>LIG</VesselCode>
    <InventoryId>1</InventoryId>
    <ProductId>7</ProductId>
    <Quantity>40</Quantity>
    <Spoilage>700</Spoilage>
    <Consumption>20</Consumption>
  </MP_VSL_InventoryDetails>
  <MP_VSL_InventoryDetails>
    <VesselCode>LIG</VesselCode>
    <InventoryId>1</InventoryId>
    <ProductId>8</ProductId>
    <Quantity>25039</Quantity>
    <Spoilage>5</Spoilage>
    <Consumption>6</Consumption>
  </MP_VSL_InventoryDetails>
</NewDataSet>