<?xml version="1.0" standalone="yes"?>
<NewDataSet>
  <MP_VSL_InventoryMaster>
    <InventoryId>1</InventoryId>
    <VesselCode>LIG</VesselCode>
    <InventoryDate>2015-01-01T00:00:00+05:30</InventoryDate>
    <UpdatedBy>demo</UpdatedBy>
    <UpdatedOn>2015-08-18T14:20:00+05:30</UpdatedOn>
    <Updated>true</Updated>
  </MP_VSL_InventoryMaster>
  <MP_VSL_InventoryDetails>
    <VesselCode>LIG</VesselCode>
    <InventoryId>1</InventoryId>
    <ProductId>3</ProductId>
    <Quantity>1182</Quantity>
    <Spoilage>10</Spoilage>
    <Consumption>23</Consumption>
  </MP_VSL_InventoryDetails>
  <MP_VSL_InventoryDetails>
    <VesselCode>LIG</VesselCode>
    <InventoryId>1</InventoryId>
    <ProductId>4</ProductId>
    <Quantity>-14821</Quantity>
    <Spoilage>455</Spoilage>
    <Consumption>15636</Consumption>
  </MP_VSL_InventoryDetails>
  <MP_VSL_InventoryDetails>
    <VesselCode>LIG</VesselCode>
    <InventoryId>1</InventoryId>
    <ProductId>5</ProductId>
    <Quantity>52</Quantity>
    <Spoilage>10</Spoilage>
    <Consumption>10</Consumption>
  </MP_VSL_InventoryDetails>
  <MP_VSL_InventoryDetails>
    <VesselCode>LIG</VesselCode>
    <InventoryId>1</InventoryId>
    <ProductId>6</ProductId>
    <Quantity>450</Quantity>
    <Spoilage>525</Spoilage>
    <Consumption>545</Consumption>
  </MP_VSL_InventoryDetails>
  <MP_VSL_InventoryDetails>
    <VesselCode>LIG</VesselCode>
    <InventoryId>1</InventoryId>
    <ProductId>7</ProductId>
    <Quantity>731</Quantity>
    <Spoilage>14</Spoilage>
    <Consumption>15</Consumption>
  </MP_VSL_InventoryDetails>
  <MP_VSL_InventoryDetails>
    <VesselCode>LIG</VesselCode>
    <InventoryId>1</InventoryId>
    <ProductId>8</ProductId>
    <Quantity>24809</Quantity>
    <Spoilage>120</Spoilage>
    <Consumption>10</Consumption>
  </MP_VSL_InventoryDetails>
</NewDataSet>