<?xml version="1.0" standalone="yes"?>
<NewDataSet>
  <Result>
    <MODE>S</MODE>
    <Location>MGB</Location>
    <CommentId>8</CommentId>
    <MVersion>0.0</MVersion>
    <SVersion>1.0</SVersion>
    <SectionId>7</SectionId>
    <CommentBy>Ch. Engineer</CommentBy>
    <ManualName>INSTRUCTIONS TO CHIEF ENGINEER</ManualName>
    <Heading>0070 INSPECTION - CALIBRATION - TEST E.R. EQUIPMENT</Heading>
    <CommentText>Monitoring devices huch as temperature, pressure gauges etc., of all machineries should be inspected and  recorded periodically to be in good order.</CommentText>
    <CommentOn>2014-07-13T16:05:00+08:00</CommentOn>
    <PositionName />
    <PositionId>0</PositionId>
    <OfficeName />
    <OfficeId>0</OfficeId>
    <StatusText />
    <Status />
    <StageText />
    <Stage />
    <ChangeRequested>N</ChangeRequested>
    <ClosureBy />
    <ClosureRemarks />
  </Result>
  <Result>
    <MODE>S</MODE>
    <Location>MGB</Location>
    <CommentId>7</CommentId>
    <MVersion>0.0</MVersion>
    <SVersion>1.0</SVersion>
    <SectionId>6</SectionId>
    <CommentBy>Ch. Engineer</CommentBy>
    <ManualName>INSTRUCTIONS TO CHIEF ENGINEER</ManualName>
    <Heading>0060 NON CONFORMANCE CONTROL - CORRECTIVE ACTION REQUESTS</Heading>
    <CommentText>No comment</CommentText>
    <CommentOn>2014-07-13T14:25:00+08:00</CommentOn>
    <PositionName />
    <PositionId>0</PositionId>
    <OfficeName />
    <OfficeId>0</OfficeId>
    <StatusText />
    <Status />
    <StageText />
    <Stage />
    <ChangeRequested>N</ChangeRequested>
    <ClosureBy />
    <ClosureRemarks />
  </Result>
  <Result>
    <MODE>S</MODE>
    <Location>MGB</Location>
    <CommentId>6</CommentId>
    <MVersion>0.0</MVersion>
    <SVersion>1.0</SVersion>
    <SectionId>5</SectionId>
    <CommentBy>Ch. Engineer</CommentBy>
    <ManualName>INSTRUCTIONS TO CHIEF ENGINEER</ManualName>
    <Heading>0050 REQUISITION &amp;amp; PURCHASING PROCEDURE</Heading>
    <CommentText>No comment</CommentText>
    <CommentOn>2014-07-13T14:20:00+08:00</CommentOn>
    <PositionName />
    <PositionId>0</PositionId>
    <OfficeName />
    <OfficeId>0</OfficeId>
    <StatusText />
    <Status />
    <StageText />
    <Stage />
    <ChangeRequested>N</ChangeRequested>
    <ClosureBy />
    <ClosureRemarks />
  </Result>
  <Result>
    <MODE>S</MODE>
    <Location>MGB</Location>
    <CommentId>5</CommentId>
    <MVersion>0.0</MVersion>
    <SVersion>1.0</SVersion>
    <SectionId>4</SectionId>
    <CommentBy>Ch. Engineer</CommentBy>
    <ManualName>INSTRUCTIONS TO CHIEF ENGINEER</ManualName>
    <Heading>0040 SHIP PERFORMANCE MONITORING</Heading>
    <CommentText>No commemt.</CommentText>
    <CommentOn>2014-07-13T14:16:00+08:00</CommentOn>
    <PositionName />
    <PositionId>0</PositionId>
    <OfficeName />
    <OfficeId>0</OfficeId>
    <StatusText />
    <Status />
    <StageText />
    <Stage />
    <ChangeRequested>N</ChangeRequested>
    <ClosureBy />
    <ClosureRemarks />
  </Result>
  <Result>
    <MODE>S</MODE>
    <Location>MGB</Location>
    <CommentId>4</CommentId>
    <MVersion>0.0</MVersion>
    <SVersion>1.0</SVersion>
    <SectionId>3</SectionId>
    <CommentBy>Ch. Engineer</CommentBy>
    <ManualName>INSTRUCTIONS TO CHIEF ENGINEER</ManualName>
    <Heading>0030 PLANNED MAINTENANCE SYSTEM</Heading>
    <CommentText>No comment.</CommentText>
    <CommentOn>2014-07-13T14:14:00+08:00</CommentOn>
    <PositionName />
    <PositionId>0</PositionId>
    <OfficeName />
    <OfficeId>0</OfficeId>
    <StatusText />
    <Status />
    <StageText />
    <Stage />
    <ChangeRequested>N</ChangeRequested>
    <ClosureBy />
    <ClosureRemarks />
  </Result>
  <Result>
    <MODE>S</MODE>
    <Location>MGB</Location>
    <CommentId>3</CommentId>
    <MVersion>0.0</MVersion>
    <SVersion>1.0</SVersion>
    <SectionId>2</SectionId>
    <CommentBy>Ch. Engineer</CommentBy>
    <ManualName>INSTRUCTIONS TO CHIEF ENGINEER</ManualName>
    <Heading>0020 RESPONSIBILITIES</Heading>
    <CommentText>ITC-0020.19: BUNKER QUANTITIES
With regard to MDO requirements vessel should aim to maintain a minimum of two days normal Main Engine consumption as a reserve.
Most of the fleet vessels cannot still maintain the requirements.</CommentText>
    <CommentOn>2014-07-13T09:44:00+08:00</CommentOn>
    <PositionName />
    <PositionId>0</PositionId>
    <OfficeName />
    <OfficeId>0</OfficeId>
    <StatusText />
    <Status />
    <StageText />
    <Stage />
    <ChangeRequested>N</ChangeRequested>
    <ClosureBy />
    <ClosureRemarks />
  </Result>
  <Result>
    <MODE>S</MODE>
    <Location>MGB</Location>
    <CommentId>2</CommentId>
    <MVersion>0.0</MVersion>
    <SVersion>1.0</SVersion>
    <SectionId>2</SectionId>
    <CommentBy>Ch. Engineer</CommentBy>
    <ManualName>INSTRUCTIONS TO CHIEF ENGINEER</ManualName>
    <Heading>0020 RESPONSIBILITIES</Heading>
    <CommentText>ITC-0020.15: For the records of Engine Log, complete entries for the watch 0800-1200 and 2000-2400 should be made.</CommentText>
    <CommentOn>2014-07-13T08:47:00+08:00</CommentOn>
    <PositionName />
    <PositionId>0</PositionId>
    <OfficeName />
    <OfficeId>0</OfficeId>
    <StatusText />
    <Status />
    <StageText />
    <Stage />
    <ChangeRequested>N</ChangeRequested>
    <ClosureBy />
    <ClosureRemarks />
  </Result>
  <Result>
    <MODE>S</MODE>
    <Location>MGB</Location>
    <CommentId>1</CommentId>
    <MVersion>0.0</MVersion>
    <SVersion>1.0</SVersion>
    <SectionId>1</SectionId>
    <CommentBy>Ch. Engineer</CommentBy>
    <ManualName>INSTRUCTIONS TO CHIEF ENGINEER</ManualName>
    <Heading>0010 INTRODUCTION</Heading>
    <CommentText>No Comment.</CommentText>
    <CommentOn>2014-07-13T08:34:00+08:00</CommentOn>
    <PositionName />
    <PositionId>0</PositionId>
    <OfficeName />
    <OfficeId>0</OfficeId>
    <StatusText />
    <Status />
    <StageText />
    <Stage />
    <ChangeRequested>N</ChangeRequested>
    <ClosureBy />
    <ClosureRemarks />
  </Result>
</NewDataSet>