<?xml version="1.0" standalone="yes"?>
<NewDataSet>
  <DT_VSL_DrillTrainings>
    <VesselCode>LIG</VesselCode>
    <DTId>3</DTId>
    <RecordType>T</RecordType>
    <PlanDate>2015-05-20T00:00:00+05:30</PlanDate>
    <Updated>true</Updated>
    <UpdatedOn>2015-05-05T13:16:00+05:30</UpdatedOn>
  </DT_VSL_DrillTrainings>
  <DT_VSL_DrillTrainings>
    <VesselCode>LIG</VesselCode>
    <DTId>4</DTId>
    <RecordType>D</RecordType>
    <Updated>true</Updated>
    <UpdatedOn>2015-05-05T13:16:00+05:30</UpdatedOn>
  </DT_VSL_DrillTrainings>
  <DT_VSL_DrillTrainings>
    <VesselCode>LIG</VesselCode>
    <DTId>4</DTId>
    <RecordType>T</RecordType>
    <Updated>true</Updated>
    <UpdatedOn>2015-05-05T13:16:00+05:30</UpdatedOn>
  </DT_VSL_DrillTrainings>
  <DT_VSL_DrillTrainings>
    <VesselCode>LIG</VesselCode>
    <DTId>5</DTId>
    <RecordType>D</RecordType>
    <Updated>true</Updated>
    <UpdatedOn>2015-05-05T13:16:00+05:30</UpdatedOn>
  </DT_VSL_DrillTrainings>
  <DT_VSL_DrillTrainingsHistory>
    <VesselCode>LIG</VesselCode>
    <DTId>3</DTId>
    <DTRecordType>T</DTRecordType>
    <DoneId>9</DoneId>
    <DoneDate>2015-04-30T00:00:00+05:30</DoneDate>
    <RecordType>R</RecordType>
    <MasterName>pankaj</MasterName>
    <FromHrs>1</FromHrs>
    <FromMin>4</FromMin>
    <ToHrs>3</ToHrs>
    <ToMin>3</ToMin>
    <Lattitude1>2</Lattitude1>
    <Lattitude2>2</Lattitude2>
    <Lattitude3>N</Lattitude3>
    <Longitude1>3</Longitude1>
    <Longitude2>3</Longitude2>
    <Longitude3>E</Longitude3>
    <PortName>xxxxxxxxxxxxxxxxx</PortName>
    <NextDueDate>2015-09-30T00:00:00+05:30</NextDueDate>
    <DoneBy>pankaj</DoneBy>
    <OfficeRemarks />
    <UpdatedBy>1</UpdatedBy>
    <UpdatedOn>2015-04-30T19:04:00+05:30</UpdatedOn>
  </DT_VSL_DrillTrainingsHistory>
</NewDataSet>