<?xml version="1.0" standalone="yes"?>
<NewDataSet>
  <VIQ_VIQMaster>
    <VesselCode>AGE</VesselCode>
    <VIQId>1</VIQId>
    <PVIQId>0</PVIQId>
    <ViqNo>AGE/SIRE/2014/A</ViqNo>
    <VIQType>1</VIQType>
    <InspGroupId>1</InspGroupId>
    <TargetDate>2014-04-24T00:00:00+05:30</TargetDate>
    <VIQStatus>0</VIQStatus>
    <CreatedOn>2014-04-24T03:19:00+05:30</CreatedOn>
  </VIQ_VIQMaster>
  <VIQ_VIQDetails>
    <VesselCode>AGE</VesselCode>
    <VIQId>1</VIQId>
    <QuestionId>3395</QuestionId>
    <SortOrder>1</SortOrder>
    <ObsCount>0</ObsCount>
    <ChapterId>1</ChapterId>
    <ChapterNo>1</ChapterNo>
    <ChapterName>General Information</ChapterName>
    <VersionName>Ver 5.0</VersionName>
    <QuestionNo>1.1</QuestionNo>
    <Question>Vesion 5.0 Qeus 1.1</Question>
    <Guidance>Description dummy ' ' \ " fasf " </Guidance>
    <PreVetting>1</PreVetting>
    <OfficeRemarks>f saf fafs fsa fsfad firs remarks dummy ` ` \ " fasf "  verma</OfficeRemarks>
  </VIQ_VIQDetails>
  <VIQ_VIQDetails>
    <VesselCode>AGE</VesselCode>
    <VIQId>1</VIQId>
    <QuestionId>3396</QuestionId>
    <SortOrder>1</SortOrder>
    <ObsCount>0</ObsCount>
    <ChapterId>1</ChapterId>
    <ChapterNo>1</ChapterNo>
    <ChapterName>General Information</ChapterName>
    <VersionName>Ver 5.0</VersionName>
    <QuestionNo>1.2</QuestionNo>
    <Question>qUESTION2</Question>
    <Guidance>qUESTION2 DESCR</Guidance>
    <PreVetting>0</PreVetting>
    <OfficeRemarks>ii nd remarkas</OfficeRemarks>
  </VIQ_VIQDetails>
  <VIQ_VIQDetailsRanks>
    <VesselCode>AGE</VesselCode>
    <VIQId>1</VIQId>
    <QuestionId>3395</QuestionId>
    <RankId>15</RankId>
  </VIQ_VIQDetailsRanks>
  <VIQ_VIQDetailsRanks>
    <VesselCode>AGE</VesselCode>
    <VIQId>1</VIQId>
    <QuestionId>3396</QuestionId>
    <RankId>1</RankId>
  </VIQ_VIQDetailsRanks>
  <VIQ_VIQDetailsRanks_Inv>
    <VesselCode>AGE</VesselCode>
    <VIQId>1</VIQId>
    <QuestionId>3395</QuestionId>
    <RankId>9</RankId>
  </VIQ_VIQDetailsRanks_Inv>
  <VIQ_VIQDetailsRanks_Inv>
    <VesselCode>AGE</VesselCode>
    <VIQId>1</VIQId>
    <QuestionId>3395</QuestionId>
    <RankId>16</RankId>
  </VIQ_VIQDetailsRanks_Inv>
  <VIQ_VIQDetailsRanks_Inv>
    <VesselCode>AGE</VesselCode>
    <VIQId>1</VIQId>
    <QuestionId>3395</QuestionId>
    <RankId>17</RankId>
  </VIQ_VIQDetailsRanks_Inv>
</NewDataSet>