<?xml version="1.0" standalone="yes"?>
<xs:schema id="NewDataSet" xmlns="" xmlns:xs="http://www.w3.org/2001/XMLSchema" xmlns:msdata="urn:schemas-microsoft-com:xml-msdata">
  <xs:element name="NewDataSet" msdata:IsDataSet="true" msdata:UseCurrentLocale="true">
    <xs:complexType>
      <xs:choice minOccurs="0" maxOccurs="unbounded">
        <xs:element name="MP_VSL_AccountMaster">
          <xs:complexType>
            <xs:sequence>
              <xs:element name="AccountId" type="xs:long" minOccurs="0" />
              <xs:element name="AccountType" type="xs:string" minOccurs="0" />
              <xs:element name="VesselCode" type="xs:string" minOccurs="0" />
              <xs:element name="Month" type="xs:int" minOccurs="0" />
              <xs:element name="Year" type="xs:int" minOccurs="0" />
              <xs:element name="UpdatedBy" type="xs:string" minOccurs="0" />
              <xs:element name="UpdatedOn" type="xs:dateTime" minOccurs="0" />
              <xs:element name="Updated" type="xs:boolean" minOccurs="0" />
            </xs:sequence>
          </xs:complexType>
        </xs:element>
        <xs:element name="MP_VSL_AccountDetails">
          <xs:complexType>
            <xs:sequence>
              <xs:element name="AccountDetailId" type="xs:long" minOccurs="0" />
              <xs:element name="AccountId" type="xs:long" minOccurs="0" />
              <xs:element name="VesselCode" type="xs:string" minOccurs="0" />
              <xs:element name="Name" type="xs:string" minOccurs="0" />
              <xs:element name="Rank" type="xs:string" minOccurs="0" />
              <xs:element name="Company" type="xs:string" minOccurs="0" />
              <xs:element name="FromDay" type="xs:int" minOccurs="0" />
              <xs:element name="ToDay" type="xs:int" minOccurs="0" />
              <xs:element name="NoOfMealsServed" type="xs:int" minOccurs="0" />
              <xs:element name="Remarks" type="xs:string" minOccurs="0" />
            </xs:sequence>
          </xs:complexType>
        </xs:element>
      </xs:choice>
    </xs:complexType>
  </xs:element>
</xs:schema>