<?xml version="1.0" standalone="yes"?>
<NewDataSet>
  <MP_VSL_AccountMaster>
    <AccountId>8</AccountId>
    <AccountType>3</AccountType>
    <VesselCode>LIG</VesselCode>
    <Month>4</Month>
    <Year>2015</Year>
    <UpdatedBy>cAASDF</UpdatedBy>
    <UpdatedOn>2015-03-19T10:44:00+05:30</UpdatedOn>
    <Updated>true</Updated>
  </MP_VSL_AccountMaster>
  <MP_VSL_AccountDetails>
    <AccountDetailId>44</AccountDetailId>
    <AccountId>8</AccountId>
    <VesselCode>LIG</VesselCode>
    <Name>78</Name>
    <Rank>88</Rank>
    <Company>88</Company>
    <FromDay>88</FromDay>
    <ToDay>8</ToDay>
    <NoOfMealsServed>8</NoOfMealsServed>
    <Remarks>8</Remarks>
  </MP_VSL_AccountDetails>
  <MP_VSL_AccountDetails>
    <AccountDetailId>45</AccountDetailId>
    <AccountId>8</AccountId>
    <VesselCode>LIG</VesselCode>
    <Name>789</Name>
    <Rank>9</Rank>
    <Company>9</Company>
    <FromDay>9</FromDay>
    <ToDay>9</ToDay>
    <NoOfMealsServed>9</NoOfMealsServed>
    <Remarks>89</Remarks>
  </MP_VSL_AccountDetails>
  <MP_VSL_AccountDetails>
    <AccountDetailId>46</AccountDetailId>
    <AccountId>8</AccountId>
    <VesselCode>LIG</VesselCode>
    <Name>7</Name>
    <Rank>7</Rank>
    <Company>7</Company>
    <FromDay>7</FromDay>
    <ToDay>7</ToDay>
    <NoOfMealsServed>7</NoOfMealsServed>
    <Remarks>7</Remarks>
  </MP_VSL_AccountDetails>
  <MP_VSL_AccountDetails>
    <AccountDetailId>47</AccountDetailId>
    <AccountId>8</AccountId>
    <VesselCode>LIG</VesselCode>
    <Name>6</Name>
    <Rank>6</Rank>
    <Company>6</Company>
    <FromDay>6</FromDay>
    <ToDay>6</ToDay>
    <NoOfMealsServed>6</NoOfMealsServed>
    <Remarks>6</Remarks>
  </MP_VSL_AccountDetails>
</NewDataSet>