<?xml version="1.0" standalone="yes"?>
<xs:schema id="NewDataSet" xmlns="" xmlns:xs="http://www.w3.org/2001/XMLSchema" xmlns:msdata="urn:schemas-microsoft-com:xml-msdata">
  <xs:element name="NewDataSet" msdata:IsDataSet="true" msdata:UseCurrentLocale="true">
    <xs:complexType>
      <xs:choice minOccurs="0" maxOccurs="unbounded">
        <xs:element name="RH_DateLineSetting">
          <xs:complexType>
            <xs:sequence>
              <xs:element name="VesselCode" type="xs:string" minOccurs="0" />
              <xs:element name="RPeriod" type="xs:string" minOccurs="0" />
              <xs:element name="DateLine" type="xs:short" minOccurs="0" />
              <xs:element name="Location" type="xs:string" minOccurs="0" />
              <xs:element name="CreatedBy" type="xs:string" minOccurs="0" />
              <xs:element name="CreatedOn" type="xs:string" minOccurs="0" />
              <xs:element name="ModifiedBy" type="xs:string" minOccurs="0" />
              <xs:element name="ModifiedOn" type="xs:string" minOccurs="0" />
            </xs:sequence>
          </xs:complexType>
        </xs:element>
        <xs:element name="RH_CrewMonthData">
          <xs:complexType>
            <xs:sequence>
              <xs:element name="VesselCode" type="xs:string" minOccurs="0" />
              <xs:element name="CrewNumber" type="xs:string" minOccurs="0" />
              <xs:element name="ForDate" type="xs:string" minOccurs="0" />
              <xs:element name="DateLine" type="xs:short" minOccurs="0" />
              <xs:element name="WorkLog" type="xs:string" minOccurs="0" />
              <xs:element name="WorkLogCount" type="xs:decimal" minOccurs="0" />
              <xs:element name="RestLogCount" type="xs:decimal" minOccurs="0" />
              <xs:element name="RestIn24" type="xs:decimal" minOccurs="0" />
              <xs:element name="RestIn7" type="xs:decimal" minOccurs="0" />
              <xs:element name="MinTop2Sum" type="xs:decimal" minOccurs="0" />
              <xs:element name="Single6Found" type="xs:decimal" minOccurs="0" />
              <xs:element name="Status" type="xs:string" minOccurs="0" />
              <xs:element name="Remarks" type="xs:string" minOccurs="0" />
              <xs:element name="CreatedBy" type="xs:string" minOccurs="0" />
              <xs:element name="CreatedOn" type="xs:string" minOccurs="0" />
              <xs:element name="ModifiedBy" type="xs:string" minOccurs="0" />
              <xs:element name="ModifiedOn" type="xs:string" minOccurs="0" />
            </xs:sequence>
          </xs:complexType>
        </xs:element>
        <xs:element name="RH_MASTERDATA">
          <xs:complexType>
            <xs:sequence>
              <xs:element name="VesselCode" type="xs:string" minOccurs="0" />
              <xs:element name="Month" type="xs:int" minOccurs="0" />
              <xs:element name="Year" type="xs:int" minOccurs="0" />
            </xs:sequence>
          </xs:complexType>
        </xs:element>
        <xs:element name="VesselCrewList">
          <xs:complexType>
            <xs:sequence>
              <xs:element name="VesselCode" type="xs:string" minOccurs="0" />
              <xs:element name="CrewId" type="xs:long" minOccurs="0" />
              <xs:element name="ContractId" type="xs:long" minOccurs="0" />
              <xs:element name="RankId" type="xs:long" minOccurs="0" />
              <xs:element name="WatchKeeper" type="xs:boolean" minOccurs="0" />
            </xs:sequence>
          </xs:complexType>
        </xs:element>
      </xs:choice>
    </xs:complexType>
  </xs:element>
</xs:schema>