<?xml version="1.0" standalone="yes"?>
<xs:schema id="NewDataSet" xmlns="" xmlns:xs="http://www.w3.org/2001/XMLSchema" xmlns:msdata="urn:schemas-microsoft-com:xml-msdata">
  <xs:element name="NewDataSet" msdata:IsDataSet="true" msdata:UseCurrentLocale="true">
    <xs:complexType>
      <xs:choice minOccurs="0" maxOccurs="unbounded">
        <xs:element name="DT_VSL_DrillTrainings">
          <xs:complexType>
            <xs:sequence>
              <xs:element name="VesselCode" type="xs:string" minOccurs="0" />
              <xs:element name="DTId" type="xs:long" minOccurs="0" />
              <xs:element name="RecordType" type="xs:string" minOccurs="0" />
              <xs:element name="LastDueDate" type="xs:dateTime" minOccurs="0" />
              <xs:element name="DoneDate" type="xs:dateTime" minOccurs="0" />
              <xs:element name="NextDueDate" type="xs:dateTime" minOccurs="0" />
              <xs:element name="PlanDate" type="xs:dateTime" minOccurs="0" />
              <xs:element name="PostPoneDate" type="xs:dateTime" minOccurs="0" />
              <xs:element name="PostPoneTillDate" type="xs:dateTime" minOccurs="0" />
              <xs:element name="DoneId" type="xs:long" minOccurs="0" />
              <xs:element name="DoneBy" type="xs:string" minOccurs="0" />
              <xs:element name="Updated" type="xs:boolean" minOccurs="0" />
              <xs:element name="UpdatedOn" type="xs:dateTime" minOccurs="0" />
            </xs:sequence>
          </xs:complexType>
        </xs:element>
        <xs:element name="DT_VSL_DrillTrainingsHistory">
          <xs:complexType>
            <xs:sequence>
              <xs:element name="VesselCode" type="xs:string" minOccurs="0" />
              <xs:element name="DTId" type="xs:long" minOccurs="0" />
              <xs:element name="DTRecordType" type="xs:string" minOccurs="0" />
              <xs:element name="DoneId" type="xs:long" minOccurs="0" />
              <xs:element name="DoneDate" type="xs:dateTime" minOccurs="0" />
              <xs:element name="RecordType" type="xs:string" minOccurs="0" />
              <xs:element name="MasterName" type="xs:string" minOccurs="0" />
              <xs:element name="FromHrs" type="xs:int" minOccurs="0" />
              <xs:element name="FromMin" type="xs:int" minOccurs="0" />
              <xs:element name="ToHrs" type="xs:int" minOccurs="0" />
              <xs:element name="ToMin" type="xs:int" minOccurs="0" />
              <xs:element name="Lattitude1" type="xs:int" minOccurs="0" />
              <xs:element name="Lattitude2" type="xs:int" minOccurs="0" />
              <xs:element name="Lattitude3" type="xs:string" minOccurs="0" />
              <xs:element name="Longitude1" type="xs:int" minOccurs="0" />
              <xs:element name="Longitude2" type="xs:int" minOccurs="0" />
              <xs:element name="Longitude3" type="xs:string" minOccurs="0" />
              <xs:element name="PortName" type="xs:string" minOccurs="0" />
              <xs:element name="LastDueDate" type="xs:dateTime" minOccurs="0" />
              <xs:element name="NextDueDate" type="xs:dateTime" minOccurs="0" />
              <xs:element name="PostPoneDate" type="xs:dateTime" minOccurs="0" />
              <xs:element name="PostPoneTillDate" type="xs:dateTime" minOccurs="0" />
              <xs:element name="DoneBy" type="xs:string" minOccurs="0" />
              <xs:element name="Imp_Req" type="xs:string" minOccurs="0" />
              <xs:element name="Imp_Comment" type="xs:string" minOccurs="0" />
              <xs:element name="Imp_CorrectiveAction" type="xs:string" minOccurs="0" />
              <xs:element name="Imp_Responsibility" type="xs:string" minOccurs="0" />
              <xs:element name="Imp_TargetDate" type="xs:dateTime" minOccurs="0" />
              <xs:element name="OfficeRemarks" type="xs:string" minOccurs="0" />
              <xs:element name="OfficeRemarksOn" type="xs:dateTime" minOccurs="0" />
              <xs:element name="UpdatedBy" type="xs:string" minOccurs="0" />
              <xs:element name="UpdatedOn" type="xs:dateTime" minOccurs="0" />
              <xs:element name="ExportedBy" type="xs:string" minOccurs="0" />
              <xs:element name="ExportedOn" type="xs:dateTime" minOccurs="0" />
              <xs:element name="OfficeRecOn" type="xs:dateTime" minOccurs="0" />
            </xs:sequence>
          </xs:complexType>
        </xs:element>
        <xs:element name="DT_VSL_DrillTrainingHistoryRanks">
          <xs:complexType>
            <xs:sequence>
              <xs:element name="VesselCode" type="xs:string" minOccurs="0" />
              <xs:element name="DoneId" type="xs:long" minOccurs="0" />
              <xs:element name="CrewNumber" type="xs:string" minOccurs="0" />
              <xs:element name="CrewName" type="xs:string" minOccurs="0" />
              <xs:element name="RankName" type="xs:string" minOccurs="0" />
              <xs:element name="Present" type="xs:boolean" minOccurs="0" />
            </xs:sequence>
          </xs:complexType>
        </xs:element>
        <xs:element name="DT_VSL_DrillTrainingHistoryDetails">
          <xs:complexType>
            <xs:sequence>
              <xs:element name="VesselCode" type="xs:string" minOccurs="0" />
              <xs:element name="DoneId" type="xs:long" minOccurs="0" />
              <xs:element name="SrNo" type="xs:int" minOccurs="0" />
              <xs:element name="Details" type="xs:string" minOccurs="0" />
              <xs:element name="OnTime" type="xs:dateTime" minOccurs="0" />
            </xs:sequence>
          </xs:complexType>
        </xs:element>
        <xs:element name="DT_VSL_DrillTrainingHistoryAttachments">
          <xs:complexType>
            <xs:sequence>
              <xs:element name="TableId" type="xs:long" minOccurs="0" />
              <xs:element name="VesselCode" type="xs:string" minOccurs="0" />
              <xs:element name="DoneId" type="xs:long" minOccurs="0" />
              <xs:element name="Description" type="xs:string" minOccurs="0" />
              <xs:element name="FileName" type="xs:string" minOccurs="0" />
              <xs:element name="Attachment" type="xs:base64Binary" minOccurs="0" />
            </xs:sequence>
          </xs:complexType>
        </xs:element>
      </xs:choice>
    </xs:complexType>
  </xs:element>
</xs:schema>