<?xml version="1.0" standalone="yes"?>
<xs:schema id="NewDataSet" xmlns="" xmlns:xs="http://www.w3.org/2001/XMLSchema" xmlns:msdata="urn:schemas-microsoft-com:xml-msdata">
  <xs:element name="NewDataSet" msdata:IsDataSet="true" msdata:UseCurrentLocale="true">
    <xs:complexType>
      <xs:choice minOccurs="0" maxOccurs="unbounded">
        <xs:element name="Reg_Regulation">
          <xs:complexType>
            <xs:sequence>
              <xs:element name="RegId" type="xs:int" minOccurs="0" />
              <xs:element name="RegNumber" type="xs:string" minOccurs="0" />
              <xs:element name="MSId" type="xs:int" minOccurs="0" />
              <xs:element name="SSId" type="xs:int" minOccurs="0" />
              <xs:element name="RegDate" type="xs:dateTime" minOccurs="0" />
              <xs:element name="EarAppDate" type="xs:dateTime" minOccurs="0" />
              <xs:element name="Title" type="xs:string" minOccurs="0" />
              <xs:element name="Tag" type="xs:string" minOccurs="0" />
              <xs:element name="SMSChangeReqd" type="xs:string" minOccurs="0" />
              <xs:element name="AttachmentFileName" type="xs:string" minOccurs="0" />
              <xs:element name="Attachment" type="xs:base64Binary" minOccurs="0" />
              <xs:element name="Status" type="xs:string" minOccurs="0" />
              <xs:element name="CreatedBy" type="xs:string" minOccurs="0" />
              <xs:element name="CreatedOn" type="xs:dateTime" minOccurs="0" />
              <xs:element name="PublishedBy" type="xs:string" minOccurs="0" />
              <xs:element name="PublishedOn" type="xs:dateTime" minOccurs="0" />
            </xs:sequence>
          </xs:complexType>
        </xs:element>
      </xs:choice>
    </xs:complexType>
  </xs:element>
</xs:schema>