<?xml version="1.0" standalone="yes"?>
<NewDataSet>
  <MP_VSL_SupplyMaster>
    <SupplyId>2</SupplyId>
    <VesselCode>LIG</VesselCode>
    <Mode>C</Mode>
    <PONumber />
    <VenderName>xxxxxxxxxx</VenderName>
    <Port>xxxxxxxxxxxxxxxxxxx</Port>
    <ReceivingDate>2015-01-29T00:00:00+05:30</ReceivingDate>
    <UpdatedBy>xxxxxxxxxxxxx</UpdatedBy>
    <UpdatedOn>2015-03-25T17:05:00+05:30</UpdatedOn>
    <Updated>true</Updated>
  </MP_VSL_SupplyMaster>
  <MP_VSL_SupplyDetails>
    <SupplyDetailId>7</SupplyDetailId>
    <VesselCode>LIG</VesselCode>
    <SupplyId>2</SupplyId>
    <ProductId>5</ProductId>
    <Quantity>12</Quantity>
    <PackagingQty>0</PackagingQty>
    <PackagingUnit>0</PackagingUnit>
    <PackagingOrderQty>0</PackagingOrderQty>
  </MP_VSL_SupplyDetails>
  <MP_VSL_SupplyDetails>
    <SupplyDetailId>8</SupplyDetailId>
    <VesselCode>LIG</VesselCode>
    <SupplyId>2</SupplyId>
    <ProductId>8</ProductId>
    <Quantity>5000</Quantity>
    <PackagingQty>500</PackagingQty>
    <PackagingUnit>6</PackagingUnit>
    <PackagingOrderQty>0.5</PackagingOrderQty>
  </MP_VSL_SupplyDetails>
  <MP_VSL_SupplyDetails>
    <SupplyDetailId>9</SupplyDetailId>
    <VesselCode>LIG</VesselCode>
    <SupplyId>2</SupplyId>
    <ProductId>3</ProductId>
    <Quantity>1200</Quantity>
    <PackagingQty>0</PackagingQty>
    <PackagingUnit>0</PackagingUnit>
    <PackagingOrderQty>0</PackagingOrderQty>
  </MP_VSL_SupplyDetails>
  <MP_VSL_SupplyDetails>
    <SupplyDetailId>10</SupplyDetailId>
    <VesselCode>LIG</VesselCode>
    <SupplyId>2</SupplyId>
    <ProductId>7</ProductId>
    <Quantity>1500</Quantity>
    <PackagingQty>500</PackagingQty>
    <PackagingUnit>6</PackagingUnit>
    <PackagingOrderQty>0.5</PackagingOrderQty>
  </MP_VSL_SupplyDetails>
  <MP_VSL_SupplyDetails>
    <SupplyDetailId>11</SupplyDetailId>
    <VesselCode>LIG</VesselCode>
    <SupplyId>2</SupplyId>
    <ProductId>4</ProductId>
    <Quantity>1250</Quantity>
    <PackagingQty>0</PackagingQty>
    <PackagingUnit>0</PackagingUnit>
    <PackagingOrderQty>0</PackagingOrderQty>
  </MP_VSL_SupplyDetails>
  <MP_VSL_SupplyDetails>
    <SupplyDetailId>12</SupplyDetailId>
    <VesselCode>LIG</VesselCode>
    <SupplyId>2</SupplyId>
    <ProductId>6</ProductId>
    <Quantity>1500</Quantity>
    <PackagingQty>0</PackagingQty>
    <PackagingUnit>0</PackagingUnit>
    <PackagingOrderQty>0</PackagingOrderQty>
  </MP_VSL_SupplyDetails>
</NewDataSet>