<?xml version="1.0" standalone="yes"?>
<xs:schema id="NewDataSet" xmlns="" xmlns:xs="http://www.w3.org/2001/XMLSchema" xmlns:msdata="urn:schemas-microsoft-com:xml-msdata">
  <xs:element name="NewDataSet" msdata:IsDataSet="true" msdata:UseCurrentLocale="true">
    <xs:complexType>
      <xs:choice minOccurs="0" maxOccurs="unbounded">
        <xs:element name="PMS_CREW_TRAININGREQUIREMENT">
          <xs:complexType>
            <xs:sequence>
              <xs:element name="VesselCode" type="xs:string" minOccurs="0" />
              <xs:element name="TrainingRequirementId" type="xs:long" minOccurs="0" />
              <xs:element name="Crewid" type="xs:int" minOccurs="0" />
              <xs:element name="TrainingId" type="xs:int" minOccurs="0" />
              <xs:element name="TrainingName" type="xs:string" minOccurs="0" />
              <xs:element name="Source" type="xs:string" minOccurs="0" />
              <xs:element name="N_DueDate" type="xs:dateTime" minOccurs="0" />
              <xs:element name="PlannedFor" type="xs:dateTime" minOccurs="0" />
              <xs:element name="LastDone" type="xs:dateTime" minOccurs="0" />
            </xs:sequence>
          </xs:complexType>
        </xs:element>
      </xs:choice>
    </xs:complexType>
  </xs:element>
</xs:schema>